keys,en,zh,es,hi,ar,fr,pt,ru,ja,de,ko,it,th
AUTH.SIGN_IN,Sign In?,登录？,¿Iniciar sesión?,साइन इन?,تسجيل الدخول؟,Se connecter ?,Entrar?,Войти?,サインイン？,Anmelden?,로그인?,Accedi?,เข้าสู่ระบบ?
AUTH.GOOGLE,Google,Google,Google,Google,Google,Google,Google,Google,Google,Google,Google,Google,Google
AUTH.FACEBOOK,Facebook,Facebook,Facebook,Facebook,Facebook,Facebook,Facebook,Facebook,Facebook,Facebook,Facebook,Facebook,Facebook
AUTH.PLAY_ANONYMOUSLY,Play Anonymously,匿名游玩,Jugar de forma anónima,गुमनाम खेलें,اللعب بشكل مجهول,Jouer anonymement,Jogar anonimamente,Играть анонимно,匿名でプレイ,Anonym spielen,익명으로 플레이,Gioca in anonimo,เล่นแบบไม่ระบุตัวตน
AUTH.SIGNING_IN,Signing in...,正在登录...,Iniciando sesión...,साइन इन हो रहा है...,جاري تسجيل الدخول...,Connexion en cours...,Entrando...,Вход...,サインイン中...,Anmeldung...,로그인 중...,Accesso in corso...,กำลังเข้าสู่ระบบ...
AUTH.RESUMING_SESSION,Resuming session...,正在恢复会话...,Reanudando sesión...,सत्र फिर से शुरू हो रहा है...,استئناف الجلسة...,Reprise de session...,Retomando sessão...,Восстановление сеанса...,セッション再開中...,Sitzung wird fortgesetzt...,세션 복원 중...,Ripresa sessione...,กำลังดำเนินเซสชันต่อ...
ACCOUNT.ANONYMOUS,Anonymous,匿名,Anónimo,गुमनाम,مجهول,Anonyme,Anônimo,Аноним,匿名,Anonym,익명,Anonimo,ไม่ระบุตัวตน
CONSENT.TERMS_OF_SERVICE,Terms of Service,服务条款,Términos de servicio,सेवा की शर्तें,شروط الخدمة,Conditions d'utilisation,Termos de Serviço,Условия использования,利用規約,Nutzungsbedingungen,이용약관,Termini di Servizio,ข้อกำหนดการใช้บริการ
CONSENT.PRIVACY_POLICY,Privacy Policy,隐私政策,Política de privacidad,गोपनीयता नीति,سياسة الخصوصية,Politique de confidentialité,Política de Privacidade,Политика конфиденциальности,プライバシーポリシー,Datenschutzrichtlinie,개인정보 처리방침,Informativa sulla Privacy,นโยบายความเป็นส่วนตัว
CONSENT.AGE_CONFIRM,I am 13 years or older,我已年满13岁,Tengo 13 años o más,मेरी उम्र 13 साल या उससे अधिक है,أبلغ من العمر 13 عامًا أو أكثر,J'ai 13 ans ou plus,Tenho 13 anos ou mais,Мне 13 лет или больше,13歳以上です,Ich bin 13 Jahre oder älter,만 13세 이상입니다,Ho 13 anni o più,ฉันมีอายุ 13 ปีขึ้นไป
CONSENT.AGREE_TERMS,I agree to the Terms of Service and Privacy Policy,我同意服务条款和隐私政策,Acepto los Términos de servicio y la Política de privacidad,मैं सेवा की शर्तों और गोपनीयता नीति से सहमत हूं,أوافق على شروط الخدمة وسياسة الخصوصية,J'accepte les Conditions d'utilisation et la Politique de confidentialité,Concordo com os Termos de Serviço e a Política de Privacidade,Я принимаю Условия использования и Политику конфиденциальности,利用規約とプライバシーポリシーに同意します,Ich stimme den Nutzungsbedingungen und der Datenschutzrichtlinie zu,이용약관 및 개인정보 처리방침에 동의합니다,Accetto i Termini di Servizio e l'Informativa sulla Privacy,ฉันยอมรับข้อกำหนดการใช้บริการและนโยบายความเป็นส่วนตัว
CONSENT.CONTINUE,Continue,继续,Continuar,जारी रखें,متابعة,Continuer,Continuar,Продолжить,続行,Weiter,계속,Continua,ดำเนินการต่อ
LOADING.AUTHENTICATING,Authenticating...,正在验证...,Autenticando...,प्रमाणित हो रहा है...,جاري المصادقة...,Authentification...,Autenticando...,Аутентификация...,認証中...,Authentifizierung...,인증 중...,Autenticazione...,กำลังยืนยันตัวตน...
LOADING.CONNECTING,Connecting to server...,正在连接服务器...,Conectando al servidor...,सर्वर से कनेक्ट हो रहा है...,جاري الاتصال بالخادم...,Connexion au serveur...,Conectando ao servidor...,Подключение к серверу...,サーバーに接続中...,Verbindung zum Server...,서버에 연결 중...,Connessione al server...,กำลังเชื่อมต่อเซิร์ฟเวอร์...
LOADING.WAITING_FOR_PLAYERS,Waiting for players...,正在等待玩家...,Esperando jugadores...,खिलाड़ियों की प्रतीक्षा...,في انتظار اللاعبين...,En attente de joueurs...,Aguardando jogadores...,Ожидание игроков...,プレイヤーを待っています...,Warten auf Spieler...,플레이어 대기 중...,In attesa dei giocatori...,กำลังรอผู้เล่น...
LOADING.IN_QUEUE,In queue,排队中,En cola,कतार में,في قائمة الانتظار,En file d'attente,Na fila,В очереди,キューに参加中,In Warteschlange,대기열,In coda,อยู่ในคิว
LOADING.EXPANDING_SEARCH,Expanding search,正在扩大搜索,Ampliando búsqueda,खोज बढ़ा रहे हैं,توسيع البحث,Élargissement de la recherche,Expandindo busca,Расширение поиска,検索を拡大中,Suche wird erweitert,검색 확장 중,Espansione della ricerca,ขยายการค้นหา
LOADING.SEARCHING,Searching for match,正在搜索比赛,Buscando partida,मैच खोज रहे हैं,البحث عن مباراة,Recherche de partie,Buscando partida,Поиск матча,マッチを検索中,Suche nach Spiel,매치 검색 중,Ricerca partita,กำลังค้นหาแมตช์
LOADING.MATCH_FOUND,Match found,比赛已找到,Partida encontrada,मैच मिल गया,تم العثور على مباراة,Partie trouvée,Partida encontrada,Матч найден,マッチが見つかりました,Spiel gefunden,매치 발견,Partita trovata,พบแมตช์แล้ว
LOADING.MATCHMAKING,Matchmaking,正在匹配,Emparejamiento,मैचमेकिंग,البحث عن مباراة,Matchmaking,Matchmaking,Подбор игры,マッチメイキング,Matchmaking,매치메이킹,Matchmaking,กำลังจับคู่
LOADING.REMAINING,~%ds remaining,剩余约%d秒,~%ds restantes,~%d सेकंड शेष,~%d ثانية متبقية,~%ds restantes,~%ds restantes,~%d сек. осталось,残り約%d秒,~%d Sek. verbleibend,~%d초 남음,~%ds rimanenti,เหลือ ~%d วินาที
LOADING.REMAINING_MMSS,~%s remaining,剩余约%s,~%s restantes,~%s शेष,~%s متبقية,~%s restantes,~%s restantes,~%s осталось,残り約%s,~%s verbleibend,~%s 남음,~%s rimanenti,เหลือ ~%s
PAUSE.PAUSED_BY,Paused by client %d,已被客户端 %d 暂停,Pausado por el cliente %d,क्लाइंट %d द्वारा रोका गया,تم الإيقاف بواسطة العميل %d,Mis en pause par le client %d,Pausado pelo cliente %d,Пауза от клиента %d,クライアント%dがポーズ中,Pause durch Client %d,클라이언트 %d에 의해 일시 중지,Pausa dal client %d,หยุดชั่วคราวโดยผู้เล่น %d
PAUSE.AUTO_UNPAUSE,Auto-unpause in: %d seconds,自动恢复: %d 秒后,Auto-reanudar en: %d segundos,ऑटो-अनपॉज: %d सेकंड में,إلغاء الإيقاف التلقائي خلال: %d ثانية,Reprise auto dans: %d secondes,Auto-retomar em: %d segundos,Авто-продолжение через: %d сек.,自動再開まで: %d秒,Auto-Fortsetzen in: %d Sek.,자동 재개: %d초 후,Ripresa automatica tra: %d secondi,เล่นต่ออัตโนมัติใน: %d วินาที
PAUSE.PAUSER_REMAINING,Pauses remaining for pauser: %d/%d,暂停者剩余暂停次数: %d/%d,Pausas restantes del pausador: %d/%d,पॉज़ करने वाले की शेष पॉज़: %d/%d,مرات الإيقاف المتبقية للموقف: %d/%d,Pauses restantes pour le pauseur: %d/%d,Pausas restantes do pausador: %d/%d,Оставшиеся паузы: %d/%d,一時停止した人の残り回数: %d/%d,Verbleibende Pausen: %d/%d,일시정지한 사람의 남은 횟수: %d/%d,Pause rimanenti per chi ha pausato: %d/%d,จำนวนครั้งที่เหลือ: %d/%d
PAUSE.YOUR_REMAINING,Your pauses remaining: %d/%d,你的剩余暂停次数: %d/%d,Tus pausas restantes: %d/%d,आपकी शेष पॉज़: %d/%d,مرات الإيقاف المتبقية لك: %d/%d,Vos pauses restantes: %d/%d,Suas pausas restantes: %d/%d,Ваши оставшиеся паузы: %d/%d,あなたの残りポーズ回数: %d/%d,Ihre verbleibenden Pausen: %d/%d,남은 일시정지 횟수: %d/%d,Le tue pause rimanenti: %d/%d,จำนวนครั้งที่เหลือของคุณ: %d/%d
PAUSE.UNPAUSE,Unpause,取消暂停,Reanudar,जारी रखें,استئناف,Reprendre,Retomar,Продолжить,再開,Fortsetzen,재개,Riprendi,เล่นต่อ
PAUSE.UNPAUSE_LOCKED,Unpause (locked),取消暂停（已锁定）,Reanudar (bloqueado),जारी रखें (लॉक),استئناف (مقفل),Reprendre (verrouillé),Retomar (bloqueado),Продолжить (заблокировано),再開（ロック中）,Fortsetzen (gesperrt),재개 (잠김),Riprendi (bloccato),เล่นต่อ (ล็อค)
GAME_OVER.TITLE,Game over,游戏结束,Fin del juego,गेम ओवर,انتهت اللعبة,Fin de partie,Fim de jogo,Игра окончена,ゲームオーバー,Spielende,게임 오버,Fine partita,จบเกม
GAME_OVER.PLAY_AGAIN,Play again,再玩一次,Jugar de nuevo,फिर से खेलें,اللعب مرة أخرى,Rejouer,Jogar novamente,Играть снова,もう一度プレイ,Nochmal spielen,다시 플레이,Gioca ancora,เล่นอีกครั้ง
GAME_OVER.LEADERBOARD,Leaderboard,排行榜,Clasificación,लीडरबोर्ड,لوحة المتصدرين,Classement,Classificação,Таблица лидеров,リーダーボード,Bestenliste,리더보드,Classifica,กระดานผู้นำ
GAME_OVER.RETURN_TO_LOBBY,Return to Lobby,返回大厅,Volver al vestíbulo,लॉबी पर लौटें,العودة إلى الردهة,Retour au lobby,Voltar ao lobby,Вернуться в лобби,ロビーに戻る,Zurück zur Lobby,로비로 돌아가기,Torna alla lobby,กลับไปล็อบบี้
LOADING.NO_MATCH_FOUND,No matches found.,未找到比赛。,No se encontraron partidas.,कोई मैच नहीं मिला।,لم يتم العثور على مباريات.,Aucune partie trouvée.,Nenhuma partida encontrada.,Матчи не найдены.,マッチが見つかりませんでした。,Keine Spiele gefunden.,매치를 찾을 수 없습니다.,Nessuna partita trovata.,ไม่พบแมตช์
LOADING.RETRY,Try Again,再试一次,Intentar de nuevo,फिर से कोशिश करें,حاول مرة أخرى,Réessayer,Tentar novamente,Попробовать снова,もう一度,Erneut versuchen,다시 시도,Riprova,ลองอีกครั้ง
LOADING.WARMING_UP_SERVER,Warming up server...,正在预热服务器...,Calentando servidor...,सर्वर तैयार हो रहा है...,جاري تشغيل الخادم...,Démarrage du serveur...,Aquecendo servidor...,Запуск сервера...,サーバーを起動中...,Server wird gestartet...,서버 준비 중...,Avvio del server...,กำลังเตรียมเซิร์ฟเวอร์...
LOADING.CANCEL,Cancel,取消,Cancelar,रद्द करें,إلغاء,Annuler,Cancelar,Отмена,キャンセル,Abbrechen,취소,Annulla,ยกเลิก
LOADING.CONNECTION_FAILED,Couldn't reach the server.,无法连接到服务器。,No se pudo conectar al servidor.,सर्वर तक नहीं पहुंच सका।,تعذر الاتصال بالخادم.,Impossible de joindre le serveur.,Não foi possível conectar ao servidor.,Не удалось подключиться к серверу.,サーバーに接続できませんでした。,Server konnte nicht erreicht werden.,서버에 연결할 수 없습니다.,Impossibile raggiungere il server.,ไม่สามารถเชื่อมต่อกับเซิร์ฟเวอร์ได้
LOADING.ALLOCATION_FAILED,Server allocation failed.,服务器分配失败。,Error al asignar servidor.,सर्वर आवंटन विफल।,فشل تخصيص الخادم.,Échec de l'allocation du serveur.,Falha na alocação do servidor.,Не удалось выделить сервер.,サーバーの割り当てに失敗しました。,Serverzuweisung fehlgeschlagen.,서버 할당 실패.,Allocazione server fallita.,การจัดสรรเซิร์ฟเวอร์ล้มเหลว
LOADING.PEER_CANCELLED,Match cancelled by another player.,另一名玩家取消了比赛。,Otro jugador canceló la partida.,दूसरे खिलाड़ी ने मैच रद्द कर दिया।,ألغى لاعب آخر المباراة.,Un autre joueur a annulé la partie.,Outro jogador cancelou a partida.,Другой игрок отменил матч.,別のプレイヤーが試合をキャンセルしました。,Spiel von anderem Spieler abgebrochen.,다른 플레이어가 매치를 취소했습니다.,Partita annullata da un altro giocatore.,ผู้เล่นอื่นยกเลิกแมตช์
LOBBY.SERVER_READY,Server ready,服务器已就绪,Servidor listo,सर्वर तैयार,الخادم جاهز,Serveur prêt,Servidor pronto,Сервер готов,サーバー準備完了,Server bereit,서버 준비됨,Server pronto,เซิร์ฟเวอร์พร้อม
LOBBY.SERVER_WARMING_UP,Warming up server...,正在预热服务器...,Calentando servidor...,सर्वर तैयार हो रहा है...,جاري تشغيل الخادم...,Démarrage du serveur...,Aquecendo servidor...,Запуск сервера...,サーバーを起動中...,Server wird gestartet...,서버 준비 중...,Avvio del server...,กำลังเตรียมเซิร์ฟเวอร์...
LOBBY.SERVER_WARMING_UP_WITH_ESTIMATE,Warming up server... (~%s),正在预热服务器... (约%s),Calentando servidor... (~%s),सर्वर तैयार हो रहा है... (~%s),جاري تشغيل الخادم... (~%s),Démarrage du serveur... (~%s),Aquecendo servidor... (~%s),Запуск сервера... (~%s),サーバーを起動中... (約%s),Server wird gestartet... (~%s),서버 준비 중... (~%s),Avvio del server... (~%s),กำลังเตรียมเซิร์ฟเวอร์... (~%s)
CELEBRATION.TIE,TIE!,平局！,¡EMPATE!,टाई!,تعادل!,ÉGALITÉ !,EMPATE!,НИЧЬЯ!,引き分け！,UNENTSCHIEDEN!,무승부!,PAREGGIO!,เสมอ!
CELEBRATION.WINS,%s WINS!,%s 获胜！,¡%s GANA!,%s जीता!,%s فاز!,%s GAGNE !,%s VENCE!,%s ПОБЕЖДАЕТ!,%sの勝ち！,%s GEWINNT!,%s 승리!,%s VINCE!,%s ชนะ!
CELEBRATION.WINNER,WINS!,获胜！,¡GANA!,जीता!,فاز!,GAGNE !,VENCE!,ПОБЕЖДАЕТ!,勝ち！,GEWINNT!,승리!,VINCE!,ชนะ!
CELEBRATION.WINS_BY_DEFAULT,%s WINS BY DEFAULT!,%s 不战而胜！,¡%s GANA POR DEFECTO!,%s डिफ़ॉल्ट से जीता!,%s فاز بالانسحاب!,%s GAGNE PAR FORFAIT !,%s VENCE POR DESISTÊNCIA!,%s ПОБЕЖДАЕТ АВТОМАТИЧЕСКИ!,%s不戦勝！,%s GEWINNT KAMPFLOS!,%s 부전승!,%s VINCE PER RITIRO!,%s ชนะโดยอัตโนมัติ!
CELEBRATION.WINNER_BY_DEFAULT,WINS BY DEFAULT!,不战而胜！,¡GANA POR DEFECTO!,डिफ़ॉल्ट से जीता!,فاز بالانسحاب!,GAGNE PAR FORFAIT !,VENCE POR DESISTÊNCIA!,ПОБЕЖДАЕТ АВТОМАТИЧЕСКИ!,不戦勝！,GEWINNT KAMPFLOS!,부전승!,VINCE PER RITIRO!,ชนะโดยอัตโนมัติ!
COUNTDOWN.GO,GO!,开始！,¡YA!,जाओ!,انطلق!,GO !,VAI!,ВПЕРЁД!,GO!,LOS!,출발!,VIA!,ไป!
SETTINGS.GORE,Gore,血腥,Gore,गोर,عنف,Gore,Gore,Кровь,ゴア,Blut,고어,Gore,เลือดสาด
SETTINGS.CRITTERS,Critters,小动物,Bichos,जीव,مخلوقات,Bestioles,Criaturas,Живность,生き物,Tierchen,생물,Creature,สัตว์
SETTINGS.CHEATS,Cheats,作弊,Trucos,चीट्स,غش,Triches,Trapaças,Читы,チート,Cheats,치트,Trucchi,สูตรโกง
SETTINGS.FULL_SCREEN,Full Screen,全屏,Pantalla completa,पूर्ण स्क्रीन,شاشة كاملة,Plein écran,Tela cheia,Полный экран,フルスクリーン,Vollbild,전체 화면,Schermo intero,เต็มจอ
SETTINGS.MUSIC,Music,音乐,Música,संगीत,موسيقى,Musique,Música,Музыка,音楽,Musik,음악,Musica,เพลง
SETTINGS.SFX,SFX,音效,Efectos,ध्वनि प्रभाव,مؤثرات صوتية,SFX,SFX,Звуки,効果音,SFX,효과음,SFX,เอฟเฟกต์เสียง
SETTINGS.DELETE_ACCOUNT,Delete Account,删除账户,Eliminar cuenta,खाता हटाएं,حذف الحساب,Supprimer le compte,Excluir conta,Удалить аккаунт,アカウント削除,Konto löschen,계정 삭제,Elimina account,ลบบัญชี
SETTINGS.EXPORT_DATA,Export My Data,导出我的数据,Exportar mis datos,मेरा डेटा निर्यात करें,تصدير بياناتي,Exporter mes données,Exportar meus dados,Экспорт данных,データをエクスポート,Meine Daten exportieren,내 데이터 내보내기,Esporta i miei dati,ส่งออกข้อมูลของฉัน
SETTINGS.LOG_OUT,Log Out,退出登录,Cerrar sesión,लॉग आउट,تسجيل الخروج,Se déconnecter,Sair,Выйти,ログアウト,Abmelden,로그아웃,Esci,ออกจากระบบ
SETTINGS.QUIT,Quit,退出,Salir,बाहर निकलें,خروج,Quitter,Sair,Выйти,終了,Beenden,종료,Esci,ออก
SETTINGS.DATA_DELETION_POLICY,Data Deletion Policy,数据删除政策,Política de eliminación de datos,डेटा विलोपन नीति,سياسة حذف البيانات,Politique de suppression des données,Política de Exclusão de Dados,Политика удаления данных,データ削除ポリシー,Datenlöschungsrichtlinie,데이터 삭제 정책,Politica di Cancellazione Dati,นโยบายการลบข้อมูล
SETTINGS.BACK,Back,返回,Volver,वापस,رجوع,Retour,Voltar,Назад,戻る,Zurück,뒤로,Indietro,กลับ
SETTINGS.LANGUAGE,Language,语言,Idioma,भाषा,اللغة,Langue,Idioma,Язык,言語,Sprache,언어,Lingua,ภาษา
SETTINGS.INFO,Info,信息,Info,जानकारी,معلومات,Info,Info,Инфо,情報,Info,정보,Info,ข้อมูล
SETTINGS.SOURCE_CODE,Source Code,源代码,Código fuente,सोर्स कोड,الشيفرة المصدرية,Code source,Código fonte,Исходный код,ソースコード,Quellcode,소스 코드,Codice sorgente,ซอร์สโค้ด
SETTINGS.CREDITS,Credits,制作团队,Créditos,श्रेय,الاعتمادات,Crédits,Créditos,Авторы,クレジット,Credits,크레딧,Crediti,เครดิต
SETTINGS.OFFLINE_MODE,Offline Mode,离线模式,Modo sin conexión,ऑफ़लाइन मोड,وضع عدم الاتصال,Mode hors ligne,Modo offline,Офлайн-режим,オフラインモード,Offline-Modus,오프라인 모드,Modalità offline,โหมดออฟไลน์
SETTINGS.SETTINGS,Settings,设置,Ajustes,सेटिंग्स,الإعدادات,Paramètres,Configurações,Настройки,設定,Einstellungen,설정,Impostazioni,การตั้งค่า
SETTINGS.LEVELS,Levels,关卡,Niveles,स्तर,المستويات,Niveaux,Níveis,Уровни,レベル,Level,레벨,Livelli,ด่าน
SETTINGS.ACCOUNT,Account,账户,Cuenta,खाता,الحساب,Compte,Conta,Аккаунт,アカウント,Konto,계정,Account,บัญชี
SETTINGS.SIGN_IN,Sign In,登录,Iniciar sesión,साइन इन,تسجيل الدخول,Se connecter,Entrar,Войти,サインイン,Anmelden,로그인,Accedi,เข้าสู่ระบบ
SETTINGS.FRIENDS,Friends,好友,Amigos,मित्र,الأصدقاء,Amis,Amigos,Друзья,フレンド,Freunde,친구,Amici,เพื่อน
SETTINGS.PARTY,Party,派对,Grupo,पार्टी,حفلة,Groupe,Grupo,Группа,パーティー,Gruppe,파티,Gruppo,ปาร์ตี้
SETTINGS.LEADERBOARD,Leaderboard,排行榜,Clasificación,लीडरबोर्ड,لوحة المتصدرين,Classement,Classificação,Рейтинг,ランキング,Rangliste,리더보드,Classifica,กระดานอันดับ
SETTINGS.MY_STATS,My Stats,我的统计,Mis stats,मेरे आँकड़े,إحصائياتي,Mes stats,Minhas stats,Моя статистика,自分の戦績,Meine Stats,내 통계,Le mie stats,สถิติของฉัน
FRIENDS.YOUR_CODE,Your Friend Code,你的好友码,Tu código de amigo,आपका मित्र कोड,رمز صديقك,Ton code ami,Seu código de amigo,Ваш код друга,あなたのフレンドコード,Dein Freundescode,내 친구 코드,Il tuo codice amico,รหัสเพื่อนของคุณ
FRIENDS.ADD,Add Friend,添加好友,Añadir amigo,मित्र जोड़ें,إضافة صديق,Ajouter un ami,Adicionar amigo,Добавить друга,フレンドを追加,Freund hinzufügen,친구 추가,Aggiungi amico,เพิ่มเพื่อน
FRIENDS.REMOVE,Remove,移除,Eliminar,हटाएं,إزالة,Retirer,Remover,Удалить,削除,Entfernen,삭제,Rimuovi,ลบ
FRIENDS.EMPTY,No friends yet. Share your code!,还没有好友。分享你的好友码！,Sin amigos aún. ¡Comparte tu código!,अभी तक कोई मित्र नहीं। अपना कोड साझा करें!,لا أصدقاء بعد. شارك رمزك!,Pas encore d'amis. Partage ton code !,Sem amigos ainda. Compartilhe seu código!,Пока нет друзей. Поделитесь кодом!,まだフレンドがいません。コードを共有しよう！,Noch keine Freunde. Teile deinen Code!,아직 친구가 없습니다. 코드를 공유하세요!,Nessun amico ancora. Condividi il tuo codice!,ยังไม่มีเพื่อน แชร์รหัสของคุณ!
FRIENDS.ENTER_CODE,Enter friend code,输入好友码,Ingresa el código de amigo,मित्र कोड दर्ज करें,أدخل رمز الصديق,Entre le code ami,Digite o código de amigo,Введите код друга,フレンドコードを入力,Freundescode eingeben,친구 코드 입력,Inserisci codice amico,ป้อนรหัสเพื่อน
FRIENDS.ADDED,Friend added!,好友已添加！,¡Amigo añadido!,मित्र जोड़ा गया!,تمت إضافة الصديق!,Ami ajouté !,Amigo adicionado!,Друг добавлен!,フレンドを追加しました！,Freund hinzugefügt!,친구가 추가되었습니다!,Amico aggiunto!,เพิ่มเพื่อนแล้ว!
FRIENDS.ALREADY_FRIENDS,Already friends,已经是好友了,Ya son amigos,पहले से मित्र हैं,أصدقاء بالفعل,Déjà amis,Já são amigos,Уже друзья,すでにフレンドです,Bereits befreundet,이미 친구입니다,Già amici,เป็นเพื่อนกันแล้ว
FRIENDS.REMOVED,Friend removed,好友已移除,Amigo eliminado,मित्र हटाया गया,تمت إزالة الصديق,Ami retiré,Amigo removido,Друг удалён,フレンドを削除しました,Freund entfernt,친구가 삭제되었습니다,Amico rimosso,ลบเพื่อนแล้ว
FRIENDS.CODE_COPIED,Code copied!,好友码已复制！,¡Código copiado!,कोड कॉपी हो गया!,تم نسخ الرمز!,Code copié !,Código copiado!,Код скопирован!,コードをコピーしました！,Code kopiert!,코드가 복사되었습니다!,Codice copiato!,คัดลอกรหัสแล้ว!
FRIENDS.INVITE_TO_PARTY,Invite,邀请,Invitar,आमंत्रित करें,دعوة,Inviter,Convidar,Пригласить,招待,Einladen,초대,Invita,เชิญ
FRIENDS.REQUEST_SENT,Friend request sent!,好友请求已发送！,¡Solicitud de amistad enviada!,मित्र अनुरोध भेजा गया!,تم إرسال طلب الصداقة!,Demande d'ami envoyée !,Pedido de amizade enviado!,Запрос в друзья отправлен!,フレンドリクエストを送信しました！,Freundschaftsanfrage gesendet!,친구 요청을 보냈습니다!,Richiesta di amicizia inviata!,ส่งคำขอเป็นเพื่อนแล้ว!
FRIENDS.REQUEST_RECEIVED,%s sent you a friend request,%s 向你发送了好友请求,%s te envió una solicitud de amistad,%s ने आपको मित्र अनुरोध भेजा,%s أرسل لك طلب صداقة,%s vous a envoyé une demande d'ami,%s enviou um pedido de amizade,%s отправил(а) вам запрос в друзья,%s がフレンドリクエストを送信しました,%s hat dir eine Freundschaftsanfrage gesendet,%s님이 친구 요청을 보냈습니다,%s ti ha inviato una richiesta di amicizia,%s ส่งคำขอเป็นเพื่อนถึงคุณ
FRIENDS.REQUEST_ACCEPTED,%s accepted your friend request!,%s 接受了你的好友请求！,¡%s aceptó tu solicitud de amistad!,%s ने आपका मित्र अनुरोध स्वीकार किया!,%s قبل طلب صداقتك!,%s a accepté votre demande d'ami !,%s aceitou seu pedido de amizade!,%s принял(а) ваш запрос в друзья!,%s がフレンドリクエストを承認しました！,%s hat deine Freundschaftsanfrage angenommen!,%s님이 친구 요청을 수락했습니다!,%s ha accettato la tua richiesta di amicizia!,%s ยอมรับคำขอเป็นเพื่อนของคุณแล้ว!
FRIENDS.REQUEST_REJECTED,%s declined your friend request,%s 拒绝了你的好友请求,%s rechazó tu solicitud de amistad,%s ने आपका मित्र अनुरोध अस्वीकार किया,%s رفض طلب صداقتك,%s a refusé votre demande d'ami,%s recusou seu pedido de amizade,%s отклонил(а) ваш запрос в друзья,%s がフレンドリクエストを拒否しました,%s hat deine Freundschaftsanfrage abgelehnt,%s님이 친구 요청을 거절했습니다,%s ha rifiutato la tua richiesta di amicizia,%s ปฏิเสธคำขอเป็นเพื่อนของคุณ
FRIENDS.ALREADY_PENDING,Request already sent,请求已发送,Solicitud ya enviada,अनुरोध पहले से भेजा गया,تم إرسال الطلب بالفعل,Demande déjà envoyée,Pedido já enviado,Запрос уже отправлен,リクエストは送信済みです,Anfrage bereits gesendet,이미 요청을 보냈습니다,Richiesta già inviata,ส่งคำขอไปแล้ว
FRIENDS.INCOMING_REQUESTS,Incoming Requests,收到的请求,Solicitudes recibidas,आने वाले अनुरोध,طلبات واردة,Demandes reçues,Pedidos recebidos,Входящие запросы,受信リクエスト,Eingehende Anfragen,받은 요청,Richieste ricevute,คำขอที่ได้รับ
FRIENDS.SENT_REQUESTS,Sent Requests,已发送的请求,Solicitudes enviadas,भेजे गए अनुरोध,طلبات مرسلة,Demandes envoyées,Pedidos enviados,Отправленные запросы,送信リクエスト,Gesendete Anfragen,보낸 요청,Richieste inviate,คำขอที่ส่ง
FRIENDS.FRIENDS_LIST,Friends,好友,Amigos,मित्र,الأصدقاء,Amis,Amigos,Друзья,フレンド,Freunde,친구,Amici,เพื่อน
FRIENDS.ACCEPT,Accept,接受,Aceptar,स्वीकार करें,قبول,Accepter,Aceitar,Принять,承認,Annehmen,수락,Accetta,ยอมรับ
FRIENDS.REJECT,Reject,拒绝,Rechazar,अस्वीकार करें,رفض,Refuser,Recusar,Отклонить,拒否,Ablehnen,거절,Rifiuta,ปฏิเสธ
FRIENDS.CANCEL_REQUEST,Cancel,取消,Cancelar,रद्द करें,إلغاء,Annuler,Cancelar,Отменить,キャンセル,Abbrechen,취소,Annulla,ยกเลิก
FRIENDS.CAME_ONLINE,%s is now online,%s 现在在线,%s está en línea,%s अब ऑनलाइन है,%s الآن متصل,%s est maintenant en ligne,%s está online agora,%s теперь в сети,%s がオンラインになりました,%s ist jetzt online,%s이(가) 온라인 상태입니다,%s è ora online,%s ออนไลน์แล้ว
PRESENCE.IN_LOBBY,In lobby,大厅中,En el vestíbulo,लॉबी में,في الردهة,Dans le lobby,No lobby,В лобби,ロビーにいます,In der Lobby,로비에 있음,In lobby,อยู่ในล็อบบี้
PRESENCE.IN_MATCH,In match,比赛中,En partida,मैच में,في المباراة,En partie,Em partida,В матче,試合中,Im Spiel,경기 중,In partita,อยู่ในการแข่งขัน
PRESENCE.IN_OTHER_GAME,In %s,在 %s 中,En %s,%s में,في %s,Dans %s,Em %s,В %s,%s をプレイ中,In %s,%s 플레이 중,In %s,กำลังเล่น %s
FRIENDS.PENDING,Pending,待处理,Pendiente,लंबित,قيد الانتظار,En attente,Pendente,Ожидание,保留中,Ausstehend,대기 중,In attesa,รอดำเนินการ
FRIENDS.SEND_REQUEST,Send Request,发送请求,Enviar solicitud,अनुरोध भेजें,إرسال طلب,Envoyer la demande,Enviar pedido,Отправить запрос,リクエストを送る,Anfrage senden,요청 보내기,Invia richiesta,ส่งคำขอ
PARTY.TITLE,Party,派对,Grupo,पार्टी,حفلة,Groupe,Grupo,Группа,パーティー,Gruppe,파티,Gruppo,ปาร์ตี้
PARTY.INVITE,Invite Friend,邀请好友,Invitar amigo,मित्र आमंत्रित करें,دعوة صديق,Inviter un ami,Convidar amigo,Пригласить друга,フレンドを招待,Freund einladen,친구 초대,Invita amico,เชิญเพื่อน
PARTY.START_MATCH,Start Match,开始比赛,Iniciar partida,मैच शुरू करें,بدء المباراة,Lancer la partie,Iniciar partida,Начать матч,マッチ開始,Spiel starten,매치 시작,Inizia partita,เริ่มแมตช์
PARTY.LEAVE,Leave Party,离开派对,Salir del grupo,पार्टी छोड़ें,مغادرة الحفلة,Quitter le groupe,Sair do grupo,Покинуть группу,パーティーを離れる,Gruppe verlassen,파티 나가기,Lascia gruppo,ออกจากปาร์ตี้
PARTY.CLOSE,Close,关闭,Cerrar,बंद करें,إغلاق,Fermer,Fechar,Закрыть,閉じる,Schließen,닫기,Chiudi,ปิด
PARTY.YOU,You,你,Tú,आप,أنت,Toi,Você,Вы,あなた,Du,나,Tu,คุณ
PARTY.PENDING,Invited,已邀请,Invitado,आमंत्रित,مدعو,Invité,Convidado,Приглашён,招待済み,Eingeladen,초대됨,Invitato,ถูกเชิญ
PARTY.DISBANDED,Party disbanded,派对已解散,Grupo disuelto,पार्टी भंग हो गई,تم حل الحفلة,Groupe dissous,Grupo dissolvido,Группа распущена,パーティーが解散しました,Gruppe aufgelöst,파티가 해산되었습니다,Gruppo sciolto,ปาร์ตี้ถูกยุบ
PARTY.MATCHMAKING,Finding a match...,正在寻找比赛...,Buscando partida...,मैच खोज रहे हैं...,جاري البحث عن مباراة...,Recherche de partie...,Procurando partida...,Поиск матча...,マッチを探しています...,Suche Spiel...,매치를 찾는 중...,Ricerca partita...,กำลังหาแมตช์...
PARTY.WAITING_FOR_CREATE,Creating party...,正在创建派对...,Creando grupo...,पार्टी बना रहे हैं...,جاري إنشاء الحفلة...,Création du groupe...,Criando grupo...,Создание группы...,パーティーを作成しています...,Gruppe wird erstellt...,파티 생성 중...,Creazione gruppo...,กำลังสร้างปาร์ตี้...
PARTY.USE_FRIENDS_TO_INVITE,Use Friends panel to invite,使用好友面板邀请,Usa el panel de amigos para invitar,मित्र पैनल से आमंत्रित करें,استخدم لوحة الأصدقاء للدعوة,Utilise le panneau Amis,Use o painel Amigos para convidar,Используйте панель Друзья,フレンドパネルから招待してください,Freunde-Panel zum Einladen nutzen,친구 패널에서 초대하세요,Usa il pannello Amici,ใช้แผงเพื่อนเพื่อเชิญ
PARTY.INVITE_SENT,Invite sent to %s,已向 %s 发送邀请,Invitación enviada a %s,%s को आमंत्रण भेजा गया,تم إرسال الدعوة إلى %s,Invitation envoyée à %s,Convite enviado para %s,Приглашение отправлено %s,%s に招待を送信しました,Einladung an %s gesendet,%s에게 초대를 보냈습니다,Invito inviato a %s,ส่งคำเชิญถึง %s แล้ว
PARTY.INVITE_RECEIVED,%s invited you to a party,%s 邀请你加入派对,%s te invitó a un grupo,%s ने आपको पार्टी में आमंत्रित किया,%s دعاك إلى حفلة,%s vous a invité dans un groupe,%s convidou você para um grupo,%s пригласил(а) вас в группу,%s があなたをパーティーに招待しました,%s hat dich in eine Gruppe eingeladen,%s님이 파티에 초대했습니다,%s ti ha invitato in un gruppo,%s เชิญคุณเข้าร่วมปาร์ตี้
PARTY.JOIN,Join,加入,Unirse,शामिल हों,انضمام,Rejoindre,Entrar,Вступить,参加,Beitreten,참가,Unisciti,เข้าร่วม
PARTY.KICK,Kick,踢出,Expulsar,बाहर करें,طرد,Expulser,Expulsar,Выгнать,キック,Kicken,추방,Espelli,เตะ
PARTY.INVITE_TO_PARTY,Invite to Party,邀请加入派对,Invitar al grupo,पार्टी में आमंत्रित करें,دعوة إلى الحفلة,Inviter au groupe,Convidar para o grupo,Пригласить в группу,パーティーに招待,In Gruppe einladen,파티에 초대,Invita al gruppo,เชิญเข้าร่วมปาร์ตี้
PARTY.SOMEONE,Someone,某人,Alguien,कोई,شخص ما,Quelqu'un,Alguém,Кто-то,誰か,Jemand,누군가,Qualcuno,ใครบางคน
PARTY.MEMBERS,Members,成员,Miembros,सदस्य,الأعضاء,Membres,Membros,Участники,メンバー,Mitglieder,멤버,Membri,สมาชิก
PARTY.EMPTY_STATE_HINT,Invite a friend from the Friends panel to start a party.,在好友面板邀请朋友以创建派对。,Invita a un amigo desde el panel de amigos para crear un grupo.,पार्टी शुरू करने के लिए मित्र पैनल से मित्र को आमंत्रित करें।,ادعُ صديقًا من لوحة الأصدقاء لبدء حفلة.,Invitez un ami depuis le panneau Amis pour créer un groupe.,Convide um amigo pelo painel Amigos para criar um grupo.,Пригласите друга из панели «Друзья», чтобы создать группу.,フレンドパネルからフレンドを招待してパーティーを開始してください。,Lade einen Freund aus dem Freunde-Panel ein, um eine Gruppe zu starten.,친구 패널에서 친구를 초대해 파티를 시작하세요.,Invita un amico dal pannello Amici per creare un gruppo.,เชิญเพื่อนจากแผงเพื่อนเพื่อเริ่มปาร์ตี้
PARTY.HAS_PENDING_INVITES,You have a party invite.,你有一个派对邀请。,Tienes una invitación de grupo.,आपके पास एक पार्टी आमंत्रण है।,لديك دعوة حفلة.,Vous avez une invitation à un groupe.,Você tem um convite de grupo.,У вас есть приглашение в группу.,パーティーへの招待があります。,Du hast eine Gruppen-Einladung.,파티 초대가 있습니다.,Hai un invito al gruppo.,คุณมีคำเชิญเข้าร่วมปาร์ตี้
PARTY.PENDING_INVITES_HEADER,Pending Invites,待处理邀请,Invitaciones pendientes,लंबित आमंत्रण,الدعوات المعلقة,Invitations en attente,Convites pendentes,Ожидающие приглашения,保留中の招待,Ausstehende Einladungen,대기 중인 초대,Inviti in sospeso,คำเชิญที่รอดำเนินการ
PARTY.ACCEPT_INVITE,Accept invite from %s,接受来自 %s 的邀请,Aceptar invitación de %s,%s से आमंत्रण स्वीकार करें,قبول دعوة من %s,Accepter l'invitation de %s,Aceitar convite de %s,Принять приглашение от %s,%s からの招待を受ける,Einladung von %s annehmen,%s의 초대 수락,Accetta invito da %s,ยอมรับคำเชิญจาก %s
PARTY.DECLINE_INVITE,Decline,拒绝,Rechazar,अस्वीकार करें,رفض,Refuser,Recusar,Отклонить,拒否,Ablehnen,거절,Rifiuta,ปฏิเสธ
PARTY.HANDLE_INVITE_FIRST,Decline your pending invite first.,请先拒绝当前的邀请。,Rechaza tu invitación pendiente primero.,पहले अपना लंबित आमंत्रण अस्वीकार करें।,ارفض دعوتك المعلقة أولاً.,Refusez d'abord votre invitation en attente.,Recuse seu convite pendente primeiro.,Сначала отклоните ожидающее приглашение.,先に保留中の招待を拒否してください。,Lehne zuerst deine ausstehende Einladung ab.,먼저 대기 중인 초대를 거절하세요.,Rifiuta prima il tuo invito in sospeso.,ปฏิเสธคำเชิญที่ค้างอยู่ก่อน
PARTY.READY,Ready,准备就绪,Listo,तैयार,جاهز,Prêt,Pronto,Готов,準備完了,Bereit,준비됨,Pronto,พร้อม
PARTY.MARK_READY,Mark Ready,标记为准备就绪,Marcar listo,तैयार चिह्नित करें,وضع علامة جاهز,Marquer prêt,Marcar pronto,Отметить готов,準備完了にする,Bereit markieren,준비 표시,Segna pronto,ทำเครื่องหมายว่าพร้อม
PARTY.MARK_NOT_READY,Mark Not Ready,标记为未准备,Marcar no listo,तैयार नहीं चिह्नित करें,إلغاء علامة الجاهزية,Marquer pas prêt,Marcar não pronto,Отметить не готов,準備未完了にする,Nicht bereit markieren,준비 해제,Segna non pronto,ทำเครื่องหมายว่ายังไม่พร้อม
PARTY.WAITING_FOR_READY,Waiting for everyone to ready up,等待所有人准备就绪,Esperando a que todos estén listos,सभी के तैयार होने का इंतजार,في انتظار استعداد الجميع,En attente que tout le monde soit prêt,Aguardando todos ficarem prontos,Ожидание готовности всех,全員の準備完了を待っています,Warte auf alle,모두 준비되기를 기다리는 중,In attesa che tutti siano pronti,กำลังรอให้ทุกคนพร้อม
PARTY.MAKE_LEADER,Make %s the leader,让 %s 成为队长,Hacer a %s el líder,%s को नेता बनाएं,اجعل %s القائد,Désigner %s comme chef,Tornar %s o líder,Сделать %s лидером,%sをリーダーにする,%s zum Anführer machen,%s를 리더로 지정,Rendi %s il leader,ทำให้ %s เป็นหัวหน้า
PARTY.MAKE_LEADER_CONFIRM,Transfer,转移,Transferir,स्थानांतरित करें,نقل,Transférer,Transferir,Передать,委譲,Übertragen,양도,Trasferisci,โอน
PARTY.LEADERSHIP_TRANSFERRED,Made %s the new leader,%s 已成为新队长,%s ahora es el líder,%s को नेता बनाया,تم تعيين %s قائدًا,%s est maintenant le chef,%s agora é o líder,%s теперь лидер,%sが新しいリーダーになりました,%s ist jetzt der Anführer,%s가 새 리더가 되었습니다,%s ora è il leader,%s เป็นหัวหน้าใหม่แล้ว
PARTY.JOIN_BY_CODE,Join by Code,通过代码加入,Unirse con código,कोड से जुड़ें,انضمام برمز,Rejoindre par code,Entrar com código,Войти по коду,コードで参加,Mit Code beitreten,코드로 참가,Unisciti con codice,เข้าร่วมด้วยรหัส
PARTY.JOIN_BY_CODE_HINT,Enter the 6-character code a teammate shared.,输入队友分享的6位代码。,Introduce el código de 6 caracteres que te compartió un compañero.,टीममेट द्वारा साझा किया गया 6-वर्ण का कोड दर्ज करें।,أدخل الرمز المكوّن من 6 أحرف الذي شاركه زميلك معك.,Saisis le code à 6 caractères qu'un coéquipier t'a partagé.,Insira o código de 6 caracteres compartilhado por um colega.,Введите 6-значный код от товарища.,仲間から共有された6文字のコードを入力してください。,Gib den 6-stelligen Code eines Mitspielers ein.,팀원이 공유한 6자리 코드를 입력하세요.,Inserisci il codice di 6 caratteri condiviso da un compagno.,ใส่รหัส 6 ตัวอักษรที่เพื่อนแชร์ให้คุณ
PARTY.ENTER_CODE,Enter code,输入代码,Escribe el código,कोड दर्ज करें,أدخل الرمز,Entre le code,Digite o código,Введите код,コードを入力,Code eingeben,코드 입력,Inserisci codice,ใส่รหัส
PARTY.SHOW_INVITE_CODE,Show Invite Code,显示邀请代码,Mostrar código,आमंत्रण कोड दिखाएं,إظهار رمز الدعوة,Afficher le code,Mostrar código,Показать код,招待コードを表示,Einladungscode anzeigen,초대 코드 표시,Mostra codice invito,แสดงรหัสเชิญ
PARTY.FETCHING_INVITE_CODE,Fetching code...,正在获取代码...,Obteniendo código...,कोड प्राप्त किया जा रहा है...,جلب الرمز...,Récupération du code...,Obtendo código...,Получение кода...,コードを取得中...,Code wird abgerufen...,코드 가져오는 중...,Recupero codice...,กำลังดึงรหัส...
PARTY.INVITE_CODE_LABEL,Code: %s,代码: %s,Código: %s,कोड: %s,الرمز: %s,Code : %s,Código: %s,Код: %s,コード: %s,Code: %s,코드: %s,Codice: %s,รหัส: %s
PARTY.INVITE_CODE_COPIED,Code copied,代码已复制,Código copiado,कोड कॉपी हो गया,تم نسخ الرمز,Code copié,Código copiado,Код скопирован,コードをコピーしました,Code kopiert,코드 복사됨,Codice copiato,คัดลอกรหัสแล้ว
PARTY.JOINED_VIA_CODE,Joined party!,已加入派对！,¡Te uniste al grupo!,पार्टी में शामिल हो गए!,انضممت إلى الحفلة!,Tu as rejoint le groupe !,Você entrou no grupo!,Вы вошли в группу!,パーティーに参加しました！,Gruppe beigetreten!,파티에 참가했습니다!,Sei entrato nel gruppo!,เข้าร่วมปาร์ตี้แล้ว!
PARTY.REJOIN_PROMPT,You're still in a party with %s.,你还在和 %s 的派对中。,Aún estás en un grupo con %s.,आप अभी भी %s के साथ पार्टी में हैं।,لا تزال في حفلة مع %s.,Tu es toujours dans un groupe avec %s.,Você ainda está em um grupo com %s.,Вы всё ещё в группе с %s.,%s とのパーティーに残っています。,Du bist noch in einer Gruppe mit %s.,여전히 %s와(과) 파티 중입니다.,Sei ancora in un gruppo con %s.,คุณยังอยู่ในปาร์ตี้กับ %s
PARTY.CONTINUE,Continue,继续,Continuar,जारी रखें,استمرار,Continuer,Continuar,Продолжить,続ける,Fortsetzen,계속,Continua,ดำเนินการต่อ
PARTY.OPEN_CHAT,Open Chat,打开聊天,Abrir chat,चैट खोलें,فتح المحادثة,Ouvrir le chat,Abrir chat,Открыть чат,チャットを開く,Chat öffnen,채팅 열기,Apri chat,เปิดแชท
PARTY.CHAT_HEADER,Party Chat,派对聊天,Chat del grupo,पार्टी चैट,محادثة الحفلة,Chat du groupe,Chat do grupo,Чат группы,パーティーチャット,Gruppen-Chat,파티 채팅,Chat del gruppo,แชทปาร์ตี้
PARTY.CHAT_PLACEHOLDER,Type a message,输入消息,Escribe un mensaje,संदेश लिखें,اكتب رسالة,Tape un message,Digite uma mensagem,Введите сообщение,メッセージを入力,Nachricht eingeben,메시지를 입력하세요,Scrivi un messaggio,พิมพ์ข้อความ
PARTY.CHAT_SEND,Send,发送,Enviar,भेजें,إرسال,Envoyer,Enviar,Отправить,送信,Senden,보내기,Invia,ส่ง
PARTY.CHAT_EMPTY,No messages yet. Say hi!,还没有消息。打个招呼吧！,Aún no hay mensajes. ¡Saluda!,अभी कोई संदेश नहीं है। नमस्ते कहें!,لا توجد رسائل بعد. ألقِ التحية!,Aucun message pour l'instant. Dis bonjour !,Ainda sem mensagens. Dê um oi!,Сообщений пока нет. Поздоровайтесь!,まだメッセージはありません。挨拶してみましょう！,Noch keine Nachrichten. Sag hallo!,아직 메시지가 없습니다. 인사하세요!,Nessun messaggio. Saluta!,ยังไม่มีข้อความ ทักทายเลย!
PARTY.CHAT_SEND_FAILED,Could not send message.,无法发送消息。,No se pudo enviar el mensaje.,संदेश नहीं भेजा जा सका।,تعذر إرسال الرسالة.,Impossible d'envoyer le message.,Não foi possível enviar a mensagem.,Не удалось отправить сообщение.,メッセージを送信できませんでした。,Nachricht konnte nicht gesendet werden.,메시지를 보낼 수 없습니다.,Impossibile inviare il messaggio.,ไม่สามารถส่งข้อความได้
CONFIRM.REMOVE_FRIEND,Remove %s as a friend?,%s を好友から削除しますか？,¿Eliminar a %s como amigo?,क्या %s को मित्रों से हटाएं?,هل تريد إزالة %s من الأصدقاء?,Retirer %s de vos amis ?,Remover %s dos amigos?,Удалить %s из друзей?,%s をフレンドから削除しますか？,%s als Freund entfernen?,%s을(를) 친구에서 삭제하시겠습니까?,Rimuovere %s dagli amici?,ลบ %s ออกจากเพื่อน?
CONFIRM.KICK,Kick %s from the party?,将 %s 踢出派对？,¿Expulsar a %s del grupo?,%s को पार्टी से बाहर करें?,طرد %s من الحفلة?,Expulser %s du groupe ?,Expulsar %s do grupo?,Выгнать %s из группы?,%s をパーティーからキックしますか？,%s aus der Gruppe kicken?,%s을(를) 파티에서 추방하시겠습니까?,Espellere %s dal gruppo?,เตะ %s ออกจากปาร์ตี้?
CONFIRM.TRANSFER_LEADERSHIP,Make %s the new party leader? You will no longer be the leader.,让 %s 成为新队长？你将不再是队长。,¿Hacer a %s el nuevo líder del grupo? Ya no serás el líder.,क्या %s को नया पार्टी नेता बनाएं? आप अब नेता नहीं रहेंगे।,هل تجعل %s القائد الجديد للحفلة؟ لن تعود القائد.,Désigner %s comme nouveau chef du groupe ? Vous ne serez plus chef.,Tornar %s o novo líder do grupo? Você não será mais o líder.,Сделать %s новым лидером группы? Вы перестанете быть лидером.,%sを新しいパーティーリーダーにしますか？あなたはリーダーではなくなります。,%s zum neuen Gruppenanführer machen? Du wirst nicht mehr Anführer sein.,%s를 새로운 파티 리더로 지정하시겠습니까? 더 이상 리더가 아닙니다.,Rendere %s il nuovo leader del gruppo? Non sarai più il leader.,ทำให้ %s เป็นหัวหน้าปาร์ตี้ใหม่หรือไม่? คุณจะไม่เป็นหัวหน้าอีกต่อไป
CONFIRM.LEAVE_PARTY,Leave the party?,离开派对？,¿Salir del grupo?,पार्टी छोड़ें?,مغادرة الحفلة؟,Quitter le groupe ?,Sair do grupo?,Покинуть группу?,パーティーから離れますか？,Gruppe verlassen?,파티에서 나가시겠습니까?,Lasciare il gruppo?,ออกจากปาร์ตี้?
CONFIRM.DECLINE_INVITE,Decline invite from %s?,拒绝来自 %s 的邀请？,¿Rechazar la invitación de %s?,%s से आमंत्रण अस्वीकार करें?,رفض الدعوة من %s؟,Refuser l'invitation de %s ?,Recusar convite de %s?,Отклонить приглашение от %s?,%s からの招待を拒否しますか？,Einladung von %s ablehnen?,%s의 초대를 거절하시겠습니까?,Rifiutare l'invito da %s?,ปฏิเสธคำเชิญจาก %s?
CONFIRM.DELETE_ACCOUNT,Delete your account?,确定要删除账户吗？,¿Eliminar tu cuenta?,अपना खाता हटाएं?,هل تريد حذف حسابك؟,Supprimer votre compte ?,Excluir sua conta?,Удалить ваш аккаунт?,アカウントを削除しますか？,Konto löschen?,계정을 삭제하시겠습니까?,Eliminare il tuo account?,ลบบัญชีของคุณ?
CONFIRM.DELETE_ACCOUNT_DETAIL,Your account will be scheduled for deletion. You have 30 days to undo this by signing back in. After 30 days all your data is permanently removed.,您的账户将被安排删除。您有30天时间通过重新登录来撤销。30天后您的所有数据将被永久删除。,Tu cuenta será programada para eliminación. Tienes 30 días para deshacer esto iniciando sesión nuevamente. Después de 30 días todos tus datos se eliminarán permanentemente.,आपके खाते को हटाने के लिए निर्धारित किया जाएगा। फिर से साइन इन करके इसे पूर्ववत करने के लिए आपके पास 30 दिन हैं। 30 दिनों के बाद आपका सारा डेटा स्थायी रूप से हटा दिया जाएगा।,سيتم جدولة حسابك للحذف. لديك 30 يومًا للتراجع عن ذلك بتسجيل الدخول مرة أخرى. بعد 30 يومًا يتم حذف جميع بياناتك نهائيًا.,Votre compte sera programmé pour suppression. Vous avez 30 jours pour annuler en vous reconnectant. Après 30 jours toutes vos données seront supprimées définitivement.,Sua conta será agendada para exclusão. Você tem 30 dias para desfazer isso fazendo login novamente. Após 30 dias todos os seus dados serão removidos permanentemente.,Ваш аккаунт будет запланирован к удалению. У вас есть 30 дней чтобы отменить это войдя снова. По истечении 30 дней все ваши данные удаляются навсегда.,アカウントの削除が予約されます。再度サインインすることで30日以内にキャンセルできます。30日後にすべてのデータが完全に削除されます。,Dein Konto wird zur Löschung vorgemerkt. Du hast 30 Tage Zeit dies durch erneutes Anmelden rückgängig zu machen. Nach 30 Tagen werden alle deine Daten dauerhaft entfernt.,계정이 삭제 예정 상태가 됩니다. 다시 로그인하여 30일 이내에 취소할 수 있습니다. 30일 후에는 모든 데이터가 영구적으로 삭제됩니다.,Il tuo account sarà programmato per l'eliminazione. Hai 30 giorni per annullare l'operazione effettuando di nuovo l'accesso. Dopo 30 giorni tutti i tuoi dati saranno rimossi definitivamente.,บัญชีของคุณจะถูกกำหนดให้ลบ คุณมีเวลา 30 วันในการยกเลิกโดยการเข้าสู่ระบบอีกครั้ง หลังจาก 30 วัน ข้อมูลทั้งหมดของคุณจะถูกลบอย่างถาวร
CONFIRM.DELETE_ACCOUNT_TYPE_PROMPT,Type %s to confirm,输入 %s 以确认,Escribe %s para confirmar,पुष्टि करने के लिए %s टाइप करें,اكتب %s للتأكيد,Tapez %s pour confirmer,Digite %s para confirmar,Введите %s для подтверждения,確認するには %s と入力,Tippe %s zur Bestätigung,확인하려면 %s 입력,Digita %s per confermare,พิมพ์ %s เพื่อยืนยัน
CONFIRM.DELETE_ACCOUNT_VERIFY_WORD,DELETE,删除,ELIMINAR,हटाएं,حذف,SUPPRIMER,EXCLUIR,УДАЛИТЬ,削除,LÖSCHEN,삭제,ELIMINA,ลบ
CONFIRM.DELETE_ACCOUNT_CONFIRM_BUTTON,Confirm Deletion,确认删除,Confirmar eliminación,हटाना पुष्टि करें,تأكيد الحذف,Confirmer la suppression,Confirmar exclusão,Подтвердить удаление,削除を確認,Löschung bestätigen,삭제 확인,Conferma eliminazione,ยืนยันการลบ
CONFIRM.DELETE,Delete,删除,Eliminar,हटाएं,حذف,Supprimer,Excluir,Удалить,削除,Löschen,삭제,Elimina,ลบ
CONFIRM.CANCEL,Cancel,取消,Cancelar,रद्द करें,إلغاء,Annuler,Cancelar,Отмена,キャンセル,Abbrechen,취소,Annulla,ยกเลิก
CONFIRM.LOG_OUT,Log out?,确定要退出登录吗？,¿Cerrar sesión?,लॉग आउट करें?,هل تريد تسجيل الخروج؟,Se déconnecter ?,Sair?,Выйти из аккаунта?,ログアウトしますか？,Abmelden?,로그아웃하시겠습니까?,Effettuare il logout?,ออกจากระบบ?
CONFIRM.UNLINK_ACCOUNT,Unlink %s?,取消链接 %s？,¿Desvincular %s?,%s अनलिंक करें?,إلغاء ربط %s؟,Délier %s ?,Desvincular %s?,Отвязать %s?,%sのリンクを解除しますか？,%s entknüpfen?,%s 연동을 해제하시겠습니까?,Scollegare %s?,ยกเลิกการเชื่อมโยง %s?
TOAST.ACCOUNT_DELETED,Account deleted,账户已删除,Cuenta eliminada,खाता हटाया गया,تم حذف الحساب,Compte supprimé,Conta excluída,Аккаунт удалён,アカウントが削除されました,Konto gelöscht,계정이 삭제되었습니다,Account eliminato,ลบบัญชีแล้ว
TOAST.ACCOUNT_DELETE_QUEUED,Account scheduled for deletion. Sign in within 30 days to cancel.,账户已安排删除。30天内重新登录可以取消。,Cuenta programada para eliminación. Inicia sesión en 30 días para cancelar.,खाता हटाने के लिए निर्धारित। रद्द करने के लिए 30 दिनों के भीतर साइन इन करें।,تمت جدولة الحساب للحذف. سجل الدخول خلال 30 يومًا للإلغاء.,Compte programmé pour suppression. Reconnectez-vous dans les 30 jours pour annuler.,Conta agendada para exclusão. Faça login em 30 dias para cancelar.,Аккаунт запланирован к удалению. Войдите в течение 30 дней чтобы отменить.,アカウントの削除が予約されました。30日以内にサインインしてキャンセルできます。,Konto zur Löschung vorgemerkt. Melde dich innerhalb von 30 Tagen an um abzubrechen.,계정 삭제가 예약되었습니다. 30일 이내에 로그인하여 취소하세요.,Account programmato per l'eliminazione. Accedi entro 30 giorni per annullare.,บัญชีถูกกำหนดให้ลบแล้ว เข้าสู่ระบบภายใน 30 วันเพื่อยกเลิก
TOAST.DELETE_FAILED,Delete failed: %s,删除失败: %s,Error al eliminar: %s,हटाना विफल: %s,فشل الحذف: %s,Suppression échouée : %s,Falha ao excluir: %s,Ошибка удаления: %s,削除に失敗: %s,Löschen fehlgeschlagen: %s,삭제 실패: %s,Eliminazione fallita: %s,ลบไม่สำเร็จ: %s
TOAST.EXPORT_FAILED,Export failed: %s,导出失败: %s,Error al exportar: %s,निर्यात विफल: %s,فشل التصدير: %s,Exportation échouée : %s,Falha ao exportar: %s,Ошибка экспорта: %s,エクスポートに失敗: %s,Export fehlgeschlagen: %s,내보내기 실패: %s,Esportazione fallita: %s,ส่งออกไม่สำเร็จ: %s
TOAST.SAVE_FAILED,Failed to save export file,导出文件保存失败,Error al guardar el archivo,फ़ाइल सहेजना विफल,فشل حفظ ملف التصدير,Échec de l'enregistrement du fichier,Falha ao salvar o arquivo,Ошибка сохранения файла,エクスポートファイルの保存に失敗,Datei konnte nicht gespeichert werden,내보내기 파일 저장 실패,Salvataggio file fallito,บันทึกไฟล์ส่งออกไม่สำเร็จ
TOAST.EXPORT_SUCCESS,Data exported successfully,数据导出成功,Datos exportados correctamente,डेटा सफलतापूर्वक निर्यात किया गया,تم تصدير البيانات بنجاح,Données exportées avec succès,Dados exportados com sucesso,Данные успешно экспортированы,データのエクスポートに成功,Daten erfolgreich exportiert,데이터가 성공적으로 내보내졌습니다,Dati esportati con successo,ส่งออกข้อมูลสำเร็จ
TOAST.LOGGED_OUT,Logged out,已退出登录,Sesión cerrada,लॉग आउट हो गया,تم تسجيل الخروج,Déconnecté,Sessão encerrada,Выход выполнен,ログアウトしました,Abgemeldet,로그아웃되었습니다,Disconnesso,ออกจากระบบแล้ว
TOAST.PLAYING_ONLINE,Playing online. Change in Settings.,在线游玩中。可在设置中更改。,Jugando en línea. Cambiar en Ajustes.,ऑनलाइन खेल रहे हैं। सेटिंग्स में बदलें।,اللعب عبر الإنترنت. غيّر في الإعدادات.,En ligne. Modifier dans les paramètres.,Jogando online. Altere em Configurações.,Онлайн-игра. Измените в настройках.,オンラインでプレイ中。設定で変更できます。,Online-Spiel. In Einstellungen ändern.,온라인 플레이 중. 설정에서 변경하세요.,Giocando online. Modifica nelle impostazioni.,เล่นออนไลน์ เปลี่ยนได้ในการตั้งค่า
TOAST.PLAYING_OFFLINE,Playing offline. Change in Settings.,离线游玩中。可在设置中更改。,Jugando sin conexión. Cambiar en Ajustes.,ऑफ़लाइन खेल रहे हैं। सेटिंग्स में बदलें।,اللعب بدون اتصال. غيّر في الإعدادات.,Hors ligne. Modifier dans les paramètres.,Jogando offline. Altere em Configurações.,Офлайн-игра. Измените в настройках.,オフラインでプレイ中。設定で変更できます。,Offline-Spiel. In Einstellungen ändern.,오프라인 플레이 중. 설정에서 변경하세요.,Giocando offline. Modifica nelle impostazioni.,เล่นออฟไลน์ เปลี่ยนได้ในการตั้งค่า
TOAST.LOCAL_MODE_FALLBACK,No online players found. Playing locally.,未找到在线玩家。本地游玩中。,No se encontraron jugadores en línea. Jugando localmente.,कोई ऑनलाइन खिलाड़ी नहीं मिला। स्थानीय रूप से खेल रहे हैं।,لم يتم العثور على لاعبين عبر الإنترنت. اللعب محليًا.,Aucun joueur en ligne trouvé. Partie locale.,Nenhum jogador online encontrado. Jogando localmente.,Онлайн-игроки не найдены. Играем локально.,オンラインプレイヤーが見つかりません。ローカルでプレイします。,Keine Online-Spieler gefunden. Lokales Spiel.,온라인 플레이어를 찾을 수 없습니다. 로컬로 플레이합니다.,Nessun giocatore online trovato. Partita locale.,ไม่พบผู้เล่นออนไลน์ เล่นแบบโลคอล
TOAST.NOT_ENOUGH_PLAYERS,Not enough players joined. Try again.,玩家不足。请重试。,No se unieron suficientes jugadores. Inténtalo de nuevo.,पर्याप्त खिलाड़ी नहीं जुड़े। पुनः प्रयास करें।,لم ينضم عدد كافٍ من اللاعبين. حاول مرة أخرى.,Pas assez de joueurs. Réessayez.,Jogadores insuficientes. Tente novamente.,Недостаточно игроков. Попробуйте снова.,プレイヤーが足りません。もう一度お試しください。,Nicht genug Spieler. Erneut versuchen.,플레이어가 부족합니다. 다시 시도하세요.,Giocatori insufficienti. Riprova.,ผู้เล่นไม่เพียงพอ ลองใหม่อีกครั้ง
TOAST.MATCHMAKING_CANCELLED_OTHER_SESSION,Your account started matchmaking on another device.,您的账户在其他设备上开始了匹配。,Tu cuenta inició emparejamiento en otro dispositivo.,आपके खाते ने किसी अन्य डिवाइस पर मैचमेकिंग शुरू की।,بدأ حسابك البحث عن مباراة على جهاز آخر.,Votre compte a lancé le matchmaking sur un autre appareil.,Sua conta iniciou matchmaking em outro dispositivo.,Ваш аккаунт начал поиск матча на другом устройстве.,あなたのアカウントが別のデバイスでマッチメイキングを開始しました。,Ihr Konto hat Matchmaking auf einem anderen Gerät gestartet.,다른 기기에서 계정으로 매치메이킹을 시작했습니다.,Il tuo account ha avviato il matchmaking su un altro dispositivo.,บัญชีของคุณเริ่มจับคู่บนอุปกรณ์อื่น
TOAST.KICKED_OTHER_SESSION,Disconnected. Your account started matchmaking on another device.,已断开连接。您的账户在其他设备上开始了匹配。,Desconectado. Tu cuenta inició emparejamiento en otro dispositivo.,डिस्कनेक्ट हो गया। आपके खाते ने किसी अन्य डिवाइस पर मैचमेकिंग शुरू की।,تم قطع الاتصال. بدأ حسابك البحث عن مباراة على جهاز آخر.,Déconnecté. Votre compte a lancé le matchmaking sur un autre appareil.,Desconectado. Sua conta iniciou matchmaking em outro dispositivo.,Отключено. Ваш аккаунт начал поиск матча на другом устройстве.,切断されました。別のデバイスでマッチメイキングが開始されました。,Getrennt. Ihr Konto hat Matchmaking auf einem anderen Gerät gestartet.,연결이 끊겼습니다. 다른 기기에서 계정으로 매치메이킹을 시작했습니다.,Disconnesso. Il tuo account ha avviato il matchmaking su un altro dispositivo.,ตัดการเชื่อมต่อแล้ว บัญชีของคุณเริ่มจับคู่บนอุปกรณ์อื่น
LINK.LOGGING_IN,Logging in...,正在登录...,Iniciando sesión...,लॉग इन हो रहा है...,جاري تسجيل الدخول...,Connexion...,Entrando...,Вход...,ログイン中...,Anmelden...,로그인 중...,Accesso...,กำลังเข้าสู่ระบบ...
LINK.LINKING,Linking...,正在链接...,Vinculando...,लिंक हो रहा है...,جاري الربط...,Liaison...,Vinculando...,Привязка...,リンク中...,Verknüpfen...,연동 중...,Collegamento...,กำลังเชื่อมโยง...
LINK.UNLINKING,Unlinking...,正在取消链接...,Desvinculando...,अनलिंक हो रहा है...,جاري إلغاء الربط...,Déconnexion...,Desvinculando...,Отвязка...,リンク解除中...,Entknüpfen...,연동 해제 중...,Scollegamento...,กำลังยกเลิกการเชื่อมโยง...
LINK.LINKED,Linked,已链接,Vinculado,लिंक किया गया,مرتبط,Lié,Vinculado,Привязан,リンク済み,Verknüpft,연동됨,Collegato,เชื่อมโยงแล้ว
LINK.LOG_IN,Log In,登录,Iniciar sesión,लॉग इन,تسجيل الدخول,Se connecter,Entrar,Войти,ログイン,Anmelden,로그인,Accedi,เข้าสู่ระบบ
LINK.LINK,Link,链接,Vincular,लिंक,ربط,Lier,Vincular,Привязать,リンク,Verknüpfen,연동,Collega,เชื่อมโยง
LINK.UNLINK,Unlink,取消链接,Desvincular,अनलिंक,إلغاء الربط,Délier,Desvincular,Отвязать,リンク解除,Entknüpfen,연동 해제,Scollega,ยกเลิกการเชื่อมโยง
LINK.LAST_PROVIDER,Cannot unlink the only linked account. Use Log Out instead.,无法取消链接唯一的关联账户。请使用退出登录。,No se puede desvincular la única cuenta vinculada. Usa Cerrar sesión.,एकमात्र लिंक किए गए खाते को अनलिंक नहीं कर सकते। लॉग आउट का उपयोग करें।,لا يمكن إلغاء ربط الحساب المرتبط الوحيد. استخدم تسجيل الخروج بدلاً من ذلك.,Impossible de délier le seul compte lié. Utilisez Se déconnecter.,Não é possível desvincular a única conta vinculada. Use Sair.,Невозможно отвязать единственный привязанный аккаунт. Используйте Выйти.,唯一のリンク済みアカウントは解除できません。ログアウトをご利用ください。,Das einzige verknüpfte Konto kann nicht entknüpft werden. Verwenden Sie Abmelden.,유일하게 연동된 계정은 해제할 수 없습니다. 로그아웃을 사용하세요.,Non è possibile scollegare l'unico account collegato. Usa Esci.,ไม่สามารถยกเลิกการเชื่อมโยงบัญชีที่เชื่อมโยงเพียงบัญชีเดียว ใช้ออกจากระบบแทน
UPGRADE.HEADER,Keep Your Progress,保留您的进度,Conserva tu progreso,अपनी प्रगति बनाए रखें,احتفظ بتقدمك,Conservez votre progression,Mantenha seu progresso,Сохраните прогресс,進行状況を保持,Fortschritt behalten,진행 상황 유지,Mantieni i tuoi progressi,เก็บความก้าวหน้าของคุณ
UPGRADE.BENEFITS_BODY,Sign in to a permanent account so you can save friends and parties. Compete on leaderboards. Sync your progress across every device.,登录到永久账户即可保存好友和组队。在排行榜上一争高下。在每台设备间同步您的进度。,Inicia sesión en una cuenta permanente para guardar amigos y grupos. Compite en las clasificaciones. Sincroniza tu progreso entre todos tus dispositivos.,स्थायी खाते में साइन इन करें ताकि आप मित्रों और पार्टियों को सहेज सकें। लीडरबोर्ड पर प्रतिस्पर्धा करें। हर डिवाइस पर अपनी प्रगति सिंक करें।,سجل الدخول إلى حساب دائم لحفظ الأصدقاء والمجموعات. نافس في قوائم المتصدرين. زامن تقدمك بين جميع أجهزتك.,Connectez-vous à un compte permanent pour sauvegarder vos amis et groupes. Mesurez-vous aux classements. Synchronisez votre progression sur tous vos appareils.,Entre em uma conta permanente para salvar amigos e grupos. Compita nas classificações. Sincronize seu progresso entre todos os dispositivos.,Войдите в постоянный аккаунт чтобы сохранить друзей и группы. Соревнуйтесь в таблицах лидеров. Синхронизируйте прогресс между всеми устройствами.,永続アカウントにサインインしてフレンドとパーティを保存しましょう。リーダーボードで競い合いましょう。すべてのデバイスで進行状況を同期できます。,Melde dich bei einem dauerhaften Konto an. Speichere Freunde und Gruppen. Tritt in Ranglisten gegeneinander an. Synchronisiere deinen Fortschritt auf allen Geräten.,영구 계정에 로그인하여 친구와 파티를 저장하세요. 리더보드에서 경쟁하세요. 모든 기기에서 진행 상황을 동기화하세요.,Accedi a un account permanente per salvare amici e gruppi. Competi nelle classifiche. Sincronizza i tuoi progressi su tutti i tuoi dispositivi.,เข้าสู่ระบบบัญชีถาวรเพื่อบันทึกเพื่อนและปาร์ตี้ แข่งขันบนลีดเดอร์บอร์ด ซิงค์ความก้าวหน้าของคุณระหว่างทุกอุปกรณ์
UPGRADE.MAYBE_LATER,Maybe later,稍后再说,Quizás más tarde,बाद में शायद,ربما لاحقًا,Plus tard,Talvez depois,Может позже,後で,Vielleicht später,나중에,Forse più tardi,เอาไว้ทีหลัง
MERGE.HEADER,Existing Account Found,发现现有账户,Cuenta existente encontrada,मौजूदा खाता मिला,تم العثور على حساب موجود,Compte existant trouvé,Conta existente encontrada,Найден существующий аккаунт,既存のアカウントが見つかりました,Bestehendes Konto gefunden,기존 계정 발견,Account esistente trovato,พบบัญชีที่มีอยู่
MERGE.BODY,Your %s profile is already linked to a different account. Continuing will combine both accounts into one. Friends and stats from both accounts will be kept on the merged account. This cannot be undone.,您的 %s 个人资料已链接到另一个账户。继续将把两个账户合并为一个。两个账户的好友和统计数据将保留在合并后的账户上。此操作无法撤销。,Tu perfil de %s ya está vinculado a otra cuenta. Si continúas se combinarán ambas cuentas en una sola. Los amigos y estadísticas de ambas cuentas se conservarán en la cuenta combinada. Esta acción no se puede deshacer.,आपकी %s प्रोफ़ाइल पहले से किसी अन्य खाते से लिंक है। जारी रखने पर दोनों खाते एक में मिल जाएंगे। दोनों खातों के मित्र और आँकड़े मर्ज किए गए खाते में रखे जाएंगे। यह क्रिया पूर्ववत नहीं की जा सकती।,ملف تعريف %s الخاص بك مرتبط بالفعل بحساب آخر. سيؤدي المتابعة إلى دمج كلا الحسابين في حساب واحد. سيتم الاحتفاظ بالأصدقاء والإحصاءات من كلا الحسابين على الحساب المدمج. لا يمكن التراجع عن هذا الإجراء.,Votre profil %s est déjà lié à un autre compte. Continuer fusionnera les deux comptes en un seul. Les amis et les statistiques des deux comptes seront conservés sur le compte fusionné. Cette action est irréversible.,Seu perfil %s já está vinculado a outra conta. Continuar combinará as duas contas em uma. Amigos e estatísticas de ambas serão mantidos na conta resultante. Esta ação não pode ser desfeita.,Ваш профиль %s уже привязан к другому аккаунту. Продолжение объединит оба аккаунта в один. Друзья и статистика обоих аккаунтов сохранятся на объединённом аккаунте. Это действие нельзя отменить.,あなたの %s プロフィールはすでに別のアカウントに紐付けられています。続行すると両方のアカウントが1つに統合されます。両方のアカウントのフレンドと統計は統合後のアカウントに保持されます。この操作は取り消せません。,Dein %s-Profil ist bereits mit einem anderen Konto verknüpft. Wenn du fortfährst werden beide Konten zu einem zusammengeführt. Freunde und Statistiken aus beiden Konten bleiben im zusammengeführten Konto erhalten. Diese Aktion kann nicht rückgängig gemacht werden.,귀하의 %s 프로필은 이미 다른 계정에 연결되어 있습니다. 계속하면 두 계정이 하나로 병합됩니다. 두 계정의 친구와 통계는 병합된 계정에 유지됩니다. 이 작업은 취소할 수 없습니다.,Il tuo profilo %s è già collegato a un altro account. Continuando si uniranno entrambi gli account in uno solo. Amici e statistiche di entrambi gli account saranno mantenuti sull'account unito. Questa azione non può essere annullata.,โปรไฟล์ %s ของคุณเชื่อมโยงกับบัญชีอื่นอยู่แล้ว การดำเนินการต่อจะรวมทั้งสองบัญชีเป็นหนึ่ง เพื่อนและสถิติของทั้งสองบัญชีจะถูกเก็บไว้ในบัญชีที่รวมแล้ว ไม่สามารถยกเลิกการดำเนินการนี้ได้
MERGE.CONTINUE,Continue and Merge,继续并合并,Continuar y combinar,जारी रखें और मर्ज करें,متابعة ودمج,Continuer et fusionner,Continuar e mesclar,Продолжить и объединить,続行して統合,Fortfahren und zusammenführen,계속하고 병합,Continua e unisci,ดำเนินการต่อและรวม
TOAST.ACCOUNTS_MERGED,Accounts merged,账户已合并,Cuentas combinadas,खाते मर्ज किए गए,تم دمج الحسابات,Comptes fusionnés,Contas mescladas,Аккаунты объединены,アカウントを統合しました,Konten zusammengeführt,계정이 병합되었습니다,Account uniti,รวมบัญชีแล้ว
TOAST.MERGE_FAILED,Merge failed: %s,合并失败: %s,Error al combinar: %s,मर्ज विफल: %s,فشل الدمج: %s,Échec de la fusion : %s,Falha ao mesclar: %s,Ошибка объединения: %s,統合に失敗: %s,Zusammenführen fehlgeschlagen: %s,병합 실패: %s,Unione fallita: %s,รวมไม่สำเร็จ: %s
ORDINAL.1ST,1st,第1,1.º,पहला,الأول,1er,1º,1-й,1位,1.,1위,1°,อันดับ 1
ORDINAL.2ND,2nd,第2,2.º,दूसरा,الثاني,2e,2º,2-й,2位,2.,2위,2°,อันดับ 2
ORDINAL.3RD,3rd,第3,3.º,तीसरा,الثالث,3e,3º,3-й,3位,3.,3위,3°,อันดับ 3
VERSION.UPDATE_REQUIRED,A game update is required. Please download the latest version.,需要游戏更新。请下载最新版本。,Se requiere una actualización. Descarga la última versión.,गेम अपडेट आवश्यक है। कृपया नवीनतम संस्करण डाउनलोड करें।,يلزم تحديث اللعبة. يرجى تنزيل أحدث إصدار.,Une mise à jour est requise. Veuillez télécharger la dernière version.,Uma atualização é necessária. Baixe a versão mais recente.,Требуется обновление игры. Пожалуйста загрузите последнюю версию.,ゲームの更新が必要です。最新バージョンをダウンロードしてください。,Ein Spielupdate ist erforderlich. Bitte laden Sie die neueste Version herunter.,게임 업데이트가 필요합니다. 최신 버전을 다운로드하세요.,È necessario un aggiornamento. Scarica l'ultima versione.,ต้องอัปเดตเกม กรุณาดาวน์โหลดเวอร์ชันล่าสุด
VERSION.CLOSE_GAME,Close Game,关闭游戏,Cerrar juego,गेम बंद करें,إغلاق اللعبة,Fermer le jeu,Fechar jogo,Закрыть игру,ゲームを閉じる,Spiel schließen,게임 닫기,Chiudi gioco,ปิดเกม
ORDINAL.NTH,%dth,第%d,%d.º,%dवां,%d,%de,%dº,%d-й,%d位,%d.,위 %d,%d°,อันดับ %d
SETTINGS.GAME_MODE,Game Mode,游戏模式,Modo de juego,खेल मोड,وضع اللعبة,Mode de jeu,Modo de jogo,Игровой режим,ゲームモード,Spielmodus,게임 모드,Modalità di gioco,โหมดเกม
GAME_MODE.PICKER_HEADER,Pick how you want to play. Your choice is saved for next time.,选择你想要的玩法。你的选择会被保存。,Elige cómo quieres jugar. Tu elección se guarda.,चुनें कि आप कैसे खेलना चाहते हैं। आपकी पसंद सहेजी जाती है।,اختر كيف تريد اللعب. سيتم حفظ اختيارك.,Choisissez votre style de jeu. Votre choix est sauvegardé.,Escolha como quer jogar. Sua escolha é salva.,Выберите режим игры. Ваш выбор будет сохранён.,プレイ方法を選んでください。選択は保存されます。,Wähle deinen Spielstil. Deine Wahl wird gespeichert.,플레이 방식을 선택하세요. 선택은 저장됩니다.,Scegli come giocare. La tua scelta verrà salvata.,เลือกวิธีเล่นที่คุณต้องการ ตัวเลือกของคุณจะถูกบันทึก
GAME_MODE.EMPTY,No game modes available yet.,暂无可用的游戏模式。,No hay modos de juego disponibles.,अभी कोई गेम मोड उपलब्ध नहीं है।,لا توجد أوضاع لعب متاحة بعد.,Aucun mode de jeu disponible.,Nenhum modo de jogo disponível.,Игровые режимы пока недоступны.,利用可能なゲームモードはありません。,Keine Spielmodi verfügbar.,사용 가능한 게임 모드가 없습니다.,Nessuna modalità di gioco disponibile.,ยังไม่มีโหมดเกมให้เลือก
MODE.FFA_NAME,Free-for-All,自由混战,Todos contra todos,सबके खिलाफ सब,الكل ضد الكل,Chacun pour soi,Todos contra todos,Каждый сам за себя,フリーフォーオール,Jeder gegen jeden,개인전,Tutti contro tutti,ทุกคนต่อสู้กันเอง
MODE.FFA_DESC,Up to 4 players. Last bunny hopping wins.,最多4名玩家。最后剩下的小兔获胜。,Hasta 4 jugadores. El último conejito en pie gana.,4 खिलाड़ियों तक। आखिरी कूदता खरगोश जीतता है।,حتى 4 لاعبين. آخر أرنب يقفز يفوز.,Jusqu'à 4 joueurs. Le dernier lapin debout gagne.,Até 4 jogadores. O último coelho saltitando vence.,До 4 игроков. Побеждает последний прыгающий кролик.,最大4人。最後まで跳ねていたウサギの勝ち。,Bis zu 4 Spieler. Der letzte hüpfende Hase gewinnt.,최대 4명. 마지막까지 뛰는 토끼가 승리.,Fino a 4 giocatori. Vince l'ultimo coniglio in piedi.,สูงสุด 4 ผู้เล่น กระต่ายตัวสุดท้ายที่ยังกระโดดจะเป็นผู้ชนะ
MODE.DUO_NAME,1v1 Duel,1对1对决,Duelo 1v1,1v1 द्वंद्व,مبارزه 1 ضد 1,Duel 1v1,Duelo 1v1,Дуэль 1v1,1対1の決闘,1-gegen-1-Duell,1대1 듀얼,Duello 1v1,ดวล 1v1
MODE.DUO_DESC,Head-to-head. Two players only.,正面对决。仅限2名玩家。,Cara a cara. Solo 2 jugadores.,आमने-सामने। केवल दो खिलाड़ी।,وجها لوجه. لاعبان فقط.,Face-à-face. Deux joueurs seulement.,Cara a cara. Apenas 2 jogadores.,Лицом к лицу. Только два игрока.,真剣勝負。2人だけ。,Auge in Auge. Nur zwei Spieler.,정면 대결. 두 명만.,Faccia a faccia. Solo due giocatori.,เผชิญหน้ากัน เฉพาะสองผู้เล่นเท่านั้น
PARTY.SELECT_MODE,Select game mode,选择游戏模式,Seleccionar modo,गेम मोड चुनें,اختر الوضع,Choisir le mode,Selecionar modo,Выбрать режим,ゲームモードを選択,Spielmodus wählen,게임 모드 선택,Seleziona modalità,เลือกโหมดเกม
PARTY.MODE_LABEL,Mode: %s,模式: %s,Modo: %s,मोड: %s,الوضع: %s,Mode : %s,Modo: %s,Режим: %s,モード: %s,Modus: %s,모드: %s,Modalità: %s,โหมด: %s
PARTY.MODE_CHANGED,Mode set to %s,模式已设为 %s,Modo cambiado a %s,मोड %s पर सेट हो गया,تم تعيين الوضع إلى %s,Mode défini sur %s,Modo definido como %s,Режим установлен на %s,モードが %s に設定されました,Modus auf %s gesetzt,모드가 %s로 설정됨,Modalità impostata su %s,ตั้งโหมดเป็น %s
CONFIRM.ACCOUNT_DELETION_PENDING,Your account is scheduled for deletion on %s. Do you want to cancel and keep your account?,你的账户预定于 %s 删除。要取消并保留账户吗？,Tu cuenta está programada para eliminarse el %s. ¿Quieres cancelar y conservarla?,आपका खाता %s को हटाने के लिए निर्धारित है। क्या आप इसे रद्द करना चाहते हैं?,من المقرر حذف حسابك في %s. هل تريد إلغاء الحذف؟,La suppression de votre compte est prévue le %s. Voulez-vous annuler ?,Sua conta está agendada para exclusão em %s. Deseja cancelar?,Ваш аккаунт запланирован к удалению %s. Хотите отменить удаление?,アカウントは %s に削除予定です。キャンセルしますか？,Dein Konto wird am %s gelöscht. Möchtest du das stoppen?,계정이 %s에 삭제될 예정입니다. 취소하시겠습니까?,Il tuo account è programmato per l'eliminazione il %s. Vuoi annullare?,บัญชีของคุณจะถูกลบในวันที่ %s ต้องการยกเลิกหรือไม่?
CONFIRM.ACCOUNT_DELETION_PENDING_NO_DATE,Your account is scheduled for deletion. Do you want to cancel and keep your account?,你的账户预定将被删除。要取消并保留账户吗？,Tu cuenta está programada para eliminarse. ¿Quieres cancelar y conservarla?,आपका खाता हटाने के लिए निर्धारित है। क्या आप इसे रद्द करना चाहते हैं?,من المقرر حذف حسابك. هل تريد إلغاء الحذف؟,La suppression de votre compte est prévue. Voulez-vous annuler ?,Sua conta está agendada para exclusão. Deseja cancelar?,Ваш аккаунт запланирован к удалению. Хотите отменить?,アカウントは削除予定です。キャンセルしますか？,Dein Konto wird gelöscht. Möchtest du das stoppen?,계정이 삭제될 예정입니다. 취소하시겠습니까?,Il tuo account è programmato per l'eliminazione. Vuoi annullare?,บัญชีของคุณจะถูกลบ ต้องการยกเลิกหรือไม่?
CONFIRM.CANCEL_DELETION,Cancel deletion,取消删除,Cancelar eliminación,हटाना रद्द करें,إلغاء الحذف,Annuler la suppression,Cancelar exclusão,Отменить удаление,削除をキャンセル,Löschung abbrechen,삭제 취소,Annulla eliminazione,ยกเลิกการลบ
CONFIRM.KEEP_DELETION,Keep scheduled,保留计划,Mantener programada,निर्धारित रखें,الاحتفاظ بالموعد,Conserver,Manter agendada,Оставить,予定のまま,Geplant lassen,예약 유지,Mantieni programmata,เก็บกำหนดการ
TOAST.ACCOUNT_DELETION_CANCELLED,Your account is no longer scheduled for deletion.,你的账户不再被预定删除。,Tu cuenta ya no está programada para eliminarse.,आपका खाता अब हटाने के लिए निर्धारित नहीं है।,لم يعد حذف حسابك مجدولاً.,Votre compte n'est plus programmé pour suppression.,Sua conta não está mais agendada para exclusão.,Удаление вашего аккаунта отменено.,アカウントの削除予定はキャンセルされました。,Dein Konto wird nicht mehr gelöscht.,계정 삭제 예약이 취소되었습니다.,Il tuo account non è più programmato per l'eliminazione.,บัญชีของคุณไม่ได้ถูกกำหนดให้ลบอีกต่อไป
TOAST.ACCOUNT_DELETION_CANCEL_FAILED,Couldn't cancel the deletion. Please try again.,无法取消删除。请重试。,No se pudo cancelar la eliminación. Inténtalo de nuevo.,हटाना रद्द नहीं हो सका। कृपया पुनः प्रयास करें।,تعذر إلغاء الحذف. حاول مرة أخرى.,Impossible d'annuler la suppression. Réessayez.,Não foi possível cancelar a exclusão. Tente novamente.,Не удалось отменить удаление. Попробуйте ещё раз.,削除をキャンセルできませんでした。再試行してください。,Konnte die Löschung nicht abbrechen. Bitte versuche es erneut.,삭제를 취소할 수 없습니다. 다시 시도해주세요.,Impossibile annullare l'eliminazione. Riprova.,ไม่สามารถยกเลิกการลบได้ กรุณาลองอีกครั้ง
FRIENDS.BLOCK,Block,屏蔽,Bloquear,ब्लॉक करें,حظر,Bloquer,Bloquear,Заблокировать,ブロック,Blockieren,차단,Blocca,บล็อก
FRIENDS.UNBLOCK,Unblock,取消屏蔽,Desbloquear,अनब्लॉक करें,إلغاء الحظر,Débloquer,Desbloquear,Разблокировать,ブロック解除,Entsperren,차단 해제,Sblocca,เลิกบล็อก
FRIENDS.BLOCKED_USERS,Blocked Users,已屏蔽的用户,Usuarios bloqueados,ब्लॉक किए गए उपयोगकर्ता,المستخدمون المحظورون,Utilisateurs bloqués,Usuários bloqueados,Заблокированные пользователи,ブロック中のユーザー,Blockierte Nutzer,차단된 사용자,Utenti bloccati,ผู้ใช้ที่ถูกบล็อก
FRIENDS.NO_BLOCKED_USERS,No blocked users.,没有已屏蔽的用户。,Sin usuarios bloqueados.,कोई ब्लॉक किए गए उपयोगकर्ता नहीं।,لا يوجد مستخدمون محظورون.,Aucun utilisateur bloqué.,Nenhum usuário bloqueado.,Нет заблокированных пользователей.,ブロック中のユーザーはいません。,Keine blockierten Nutzer.,차단된 사용자가 없습니다.,Nessun utente bloccato.,ไม่มีผู้ใช้ที่ถูกบล็อก
FRIENDS.RECENT_PLAYERS,Recent Players,最近的玩家,Jugadores recientes,हाल के खिलाड़ी,اللاعبون الأخيرون,Joueurs récents,Jogadores recentes,Недавние игроки,最近のプレイヤー,Letzte Spieler,최근 플레이어,Giocatori recenti,ผู้เล่นล่าสุด
FRIENDS.NO_RECENT_PLAYERS,No recent players to add.,没有可添加的最近玩家。,Sin jugadores recientes para añadir.,जोड़ने के लिए कोई हाल के खिलाड़ी नहीं।,لا يوجد لاعبون حديثون لإضافتهم.,Aucun joueur récent à ajouter.,Nenhum jogador recente para adicionar.,Нет недавних игроков для добавления.,追加できる最近のプレイヤーはいません。,Keine kürzlichen Spieler zum Hinzufügen.,추가할 최근 플레이어가 없습니다.,Nessun giocatore recente da aggiungere.,ไม่มีผู้เล่นล่าสุดให้เพิ่ม
CONFIRM.BLOCK_USER,Block %s? They won't send friend requests and you won't be matched together.,屏蔽 %s？他们将无法发送好友请求。你们也不会被匹配。,¿Bloquear a %s? No podrá enviarte solicitudes de amistad. No serán emparejados.,क्या %s को ब्लॉक करें? वे मित्र अनुरोध नहीं भेज सकेंगे। आप मैच भी नहीं होंगे।,حظر %s؟ لن يتمكنوا من إرسال طلبات صداقة. ولن يتم إقرانكما معًا.,Bloquer %s ? Ils ne pourront plus envoyer de demandes d'amis. Vous ne serez plus appariés.,Bloquear %s? Eles não poderão enviar pedidos de amizade. Vocês não serão emparelhados.,Заблокировать %s? Они не смогут отправлять запросы в друзья. Вы не будете в одном матче.,%s をブロックしますか？フレンドリクエストを送れなくなります。マッチングもされません。,%s blockieren? Sie können dir keine Freundschaftsanfragen senden. Ihr werdet nicht zusammen gematcht.,%s님을 차단할까요? 친구 요청을 보낼 수 없으며 매칭되지 않습니다.,Bloccare %s? Non potranno inviarti richieste di amicizia. Non verrete abbinati.,บล็อก %s? พวกเขาจะไม่สามารถส่งคำขอเป็นเพื่อน และจะไม่ถูกจับคู่กัน
TOAST.USER_BLOCKED,Blocked %s,已屏蔽 %s,%s bloqueado,%s को ब्लॉक किया,تم حظر %s,%s a été bloqué,%s bloqueado,%s заблокирован,%s をブロックしました,%s blockiert,%s님이 차단됨,%s bloccato,บล็อก %s แล้ว
TOAST.USER_UNBLOCKED,User unblocked,用户已取消屏蔽,Usuario desbloqueado,उपयोगकर्ता अनब्लॉक किया गया,تم إلغاء حظر المستخدم,Utilisateur débloqué,Usuário desbloqueado,Пользователь разблокирован,ユーザーのブロックを解除しました,Nutzer entsperrt,사용자 차단이 해제되었습니다,Utente sbloccato,เลิกบล็อกผู้ใช้แล้ว
LOADING.BLOCKED_PAIR,Match cancelled: you and another player have blocked each other.,匹配已取消：你和另一名玩家相互屏蔽了。,Partida cancelada: tú y otro jugador se han bloqueado mutuamente.,मैच रद्द: आपने और दूसरे खिलाड़ी ने एक-दूसरे को ब्लॉक किया है।,تم إلغاء المباراة: أنت ولاعب آخر حظرتما بعضكما البعض.,Partie annulée : vous et un autre joueur vous êtes bloqués mutuellement.,Partida cancelada: você e outro jogador se bloquearam mutuamente.,Матч отменён: вы и другой игрок заблокировали друг друга.,試合がキャンセルされました：あなたと別のプレイヤーが互いにブロックしています。,Spiel abgebrochen: Du und ein anderer Spieler haben einander blockiert.,매치 취소: 당신과 다른 플레이어가 서로를 차단했습니다.,Partita annullata: tu e un altro giocatore vi siete bloccati a vicenda.,ยกเลิกแมตช์: คุณและผู้เล่นอื่นบล็อกกันและกัน
